participant_id,program_type,region,age_group,sessions_attended,program_completed,satisfaction_score,outcome_before,outcome_after,feedback_category
1001,Family Support,North,25-34,6,Yes,4,55,72,Positive
1002,Youth Support,South,18-24,4,Yes,5,48,70,Positive
1003,Family Support,East,35-44,3,No,3,60,62,Neutral
1004,Youth Support,North,18-24,5,Yes,4,50,68,Positive
1005,Community Support,South,45-54,2,No,2,58,55,Negative
1006,Family Support,West,35-44,6,Yes,5,52,74,Positive
1007,Community Support,East,25-34,4,Yes,4,61,69,Positive
1008,Youth Support,West,18-24,3,No,3,49,51,Neutral
1009,Family Support,North,45-54,5,Yes,4,57,71,Positive
1010,Community Support,South,35-44,6,Yes,5,54,73,Positive